,A,B,C,D,E,F,G,class
0,5.932953886,3.545761491,1.57214273,-1.546627699,-0.588195558,-4.662048493,-4.925390232,2
1,5.596441826,3.689583953,6.403744658,-6.929537198,0.743059772,-7.101845835,-2.282461092,2
2,-1.613447839,-4.83844875,4.115459274,-4.120470503,0.687090197,5.889419391,5.462282941,1
3,5.350220254,3.73222244,4.271164439,-1.783779438,0.420453378,-4.14649675,-4.755263882,2
4,3.876731836,5.224479846,2.866235229,-3.070545433,0.665911679,-1.464811402,-4.382458318,2
5,-5.757132234,-4.383773831,5.231472241,-2.694483344,-0.996548889,3.834186769,3.650641231,1
6,4.601461343,3.853752633,5.271103188,-5.251092908,-0.083461006,-4.608706781,-4.05557032,2
7,4.127646155,5.059801725,2.518446068,-3.342821264,0.762303091,-2.788159364,4.714403462,0
8,-11.93248345,-1.477772037,4.79530808,1.559589423,-0.409794191,3.514927166,3.050158003,1
9,4.998008279,4.950936822,2.649749455,-2.732572244,0.898187495,-2.616045485,4.698715278,0
10,4.07605378,4.507582375,4.891593431,-5.497785587,-0.711335569,-4.965094172,-2.164757125,2
11,3.994665619,4.966151851,4.828580561,-4.624098169,-0.102817218,-3.096268097,-3.469453597,2
12,5.981656422,4.48788267,4.122077509,-4.386991199,-1.090396241,-4.876390593,4.826294738,0
13,3.598027281,4.013370485,6.324148512,-4.138069775,0.423294998,-3.455094379,2.892924702,0
14,3.686374034,2.222528118,6.691953332,-5.325802574,-1.372438359,-4.651789801,2.14793506,0
15,3.764514665,4.57204657,3.651660281,-5.23671431,-1.085293863,-4.399172876,-2.474654691,2
16,3.66762021,4.864520042,8.519363932,-6.567059632,-1.405746452,-2.560651515,-4.333977452,2
17,3.533198044,3.109922549,2.776431169,-3.801087717,0.808955369,-4.690259339,-4.346815087,2
18,5.47463417,4.956491687,2.539443271,-3.59601455,0.297710935,-3.391160566,4.957237409,0
19,-6.866150607,-4.311703734,5.838750612,-0.299485496,-1.981211387,1.007540186,1.233628138,1
20,-2.761410253,-7.02350653,5.58252759,-5.133466035,-0.326333071,1.630417179,3.505574329,1
21,1.744017819,3.942419906,4.074794846,-6.47337699,0.5998302,-4.831451733,-2.079586028,2
22,-3.204662231,-4.403448672,2.976431073,-5.187015389,-0.088636642,1.947736872,3.427705664,1
23,-4.567836661,-2.95774461,3.633382257,-3.625903626,0.138123642,5.557640448,4.60012117,1
24,-3.620682138,-3.083601686,2.968311437,-3.921498751,-0.454381818,5.572210427,5.061109891,1
25,-9.677852145,-2.933508396,6.364023936,-0.340528565,0.473663716,4.200305254,2.883039589,1
26,5.598710582,3.812509717,5.795614704,-4.258435126,0.581238844,-4.845667957,-4.33705321,2
27,4.62368248,5.283606358,2.622542922,-1.013814449,1.552393023,-1.465083187,-4.465505066,2
28,4.798814991,4.09900742,4.415524375,-3.116563585,-0.051450828,-1.140981449,3.222119697,0
29,4.596170764,4.292881329,3.642687247,-3.002797376,0.19483248,-2.10076331,3.782386839,0
30,4.069206655,3.723057386,2.861636114,-4.349867452,-0.329234303,-3.121715652,3.722014793,0
31,5.228606955,3.724143287,2.410442542,-2.727105934,0.19913265,-5.009347738,-3.830398534,2
32,4.594958746,3.430267401,6.170320597,-5.181061726,0.017020412,-6.738834739,3.648340271,0
33,5.740654732,5.372662006,4.216440543,-5.73786052,-0.532372587,-3.220663068,4.603560431,0
34,-4.986191024,-5.447398579,3.164414617,-5.758283426,-0.039110347,3.204200539,5.853284216,1
35,5.069130516,4.177986836,7.407726671,-5.501057892,0.444921087,-4.70673479,-3.791172598,2
36,4.546171123,3.004923852,8.005615884,-6.380053983,0.112860581,-7.541538355,2.996484343,0
37,4.933051655,4.768226123,5.043763077,-3.472200067,1.037949976,-2.411317427,3.818890401,0
38,0.159823013,-2.627596649,2.087248101,-5.076164528,-0.080335131,3.270592695,2.440326309,1
39,6.407041699,3.968954361,4.43670838,-5.635019131,-0.097973758,-7.037916193,-2.123023924,2
40,5.311573289,4.548247791,4.158939293,-3.13417577,-0.392389666,-3.557291224,-4.041560314,2
41,2.326416986,3.267660243,3.493152476,-5.79407174,0.67069596,-4.635089219,-3.891543501,2
42,3.952504653,3.668879417,4.566483946,-1.881761828,-0.128324136,-2.326173231,3.057201823,0
43,3.743387073,4.632480734,5.187897695,-3.78986338,-0.004896297,-2.120923444,-4.83852057,2
44,3.208201303,4.996207282,2.383857309,-2.489892908,-0.234070819,-4.874456976,5.352763303,0
45,-4.806976593,-5.169432882,6.286553819,-0.191768955,-1.595534113,3.066298235,2.311791815,1
46,4.227316617,3.555118017,3.029231906,-2.452203415,-0.42170131,-4.402053919,-4.432521318,2
47,-4.559164448,-6.220508642,8.830755296,1.008695593,-0.793637711,3.68206515,1.978672597,1
48,3.143923684,3.987613581,3.317284987,-4.65270874,0.653067223,-4.679424359,-2.929589796,2
49,-3.865470194,-5.931459152,6.892015814,-3.556443765,0.671146529,5.151956096,4.423682576,1
50,6.829602773,2.97425795,1.28607316,0.164655742,-0.022611816,-5.136882591,-5.453952425,2
51,-2.935840284,-4.646515681,3.823563717,-5.532176096,-1.049638429,4.001875853,4.862804158,1
52,3.702753804,4.453601324,5.398834392,-3.793573242,-0.592197886,-2.882959123,-4.309755395,2
53,-2.913572299,-5.131063139,4.186335097,-5.177466141,0.505302197,5.422320111,5.607267394,1
54,4.528744693,3.71694196,4.93208043,-4.243211822,0.374527104,-3.41203533,-5.266535594,2
55,0.836156386,3.396270595,3.984278969,-4.741066716,1.834833876,-4.09272421,3.133298659,0
56,-3.451296987,-3.152260546,4.580190386,-4.088975993,0.168414256,4.571123068,3.268064833,1
57,6.025660866,5.275997514,1.309263855,-1.444366016,0.477033657,-3.306627956,5.661548174,0
58,-4.23474871,-4.473260662,4.37619405,-3.141146166,1.291909765,3.260678012,3.48774203,1
59,3.096226044,3.43292704,1.355125079,-2.387381911,1.036385881,-2.485646281,4.145783018,0
60,2.39864157,2.790699946,4.276856942,-3.934007852,0.042120021,-5.157375848,3.459622251,0
61,3.671641659,5.299214289,6.417415808,-6.409435084,1.216806367,-2.917151437,-2.967261277,2
62,3.150257947,4.779300184,2.146179796,-3.019465683,-0.543061767,-3.307524884,-2.632613261,2
63,5.058350089,4.301288449,5.341618396,-4.261901276,0.344700799,-5.066549587,-3.07861757,2
64,-3.578484413,-3.22404101,3.913207447,-2.191639526,0.031528606,7.883057343,6.26910206,1
65,-3.343597562,-2.44339786,2.407349115,-4.267200507,-1.450789705,5.484796323,4.858572921,1
66,6.032597465,2.111821875,5.228447598,-2.965918746,0.237834842,-5.765319811,-6.401747822,2
67,3.078843768,5.113341533,3.398745282,-6.509618743,-0.876089973,-5.337477261,-0.176122083,2
68,4.691622677,3.747003868,4.958560621,-3.70881913,-1.055890532,-3.633048844,-5.315006492,2
69,-3.039301681,-2.381225379,2.837126579,-6.298063263,0.894124764,5.899507674,4.876555678,1
70,-5.837054414,-6.0571884,5.824769144,-1.60187072,-0.184173191,2.259075511,3.525241226,1
71,3.288948173,4.987087806,4.132803451,-4.744317404,-0.863137872,-3.550934399,-2.512541676,2
72,5.209415197,3.733086189,4.769608319,-5.355908083,-0.583635478,-4.961810687,3.946591644,0
73,-1.519104797,-4.73576918,3.235301836,-5.326211029,1.008904303,3.727832315,4.161713675,1
74,-5.63746154,-3.527178846,2.807931188,-3.889860717,-1.199799861,0.606846333,2.471701052,1
75,1.657995673,2.24832926,4.822595912,-4.156890847,0.03490079,-3.911847692,2.435725516,0
76,4.010925405,3.989655506,3.798156244,-3.910486002,0.893058967,-3.988883145,-4.020375619,2
77,2.247716677,6.041296851,3.972128288,-4.235691772,-1.96164156,-0.859856144,-2.933421273,2
78,3.618589983,3.279263152,3.412254334,-3.870463023,1.646773302,-4.288667931,-4.792541883,2
79,1.498591603,5.217443972,4.109330185,-5.295792697,-1.141818521,-2.354107631,-2.519249654,2
80,4.68146833,4.176239622,3.455788888,-3.752554328,0.755360198,-4.265156335,4.338532883,0
81,1.928667408,3.114843622,5.626526016,-6.701132839,0.058706968,-8.464725292,3.982739647,0
82,2.033513524,3.169732994,3.056539768,-4.110867166,1.010349563,-3.865423265,3.64518422,0
83,-6.083996041,-5.098590103,5.053399787,-3.723989141,2.260597814,4.023382138,4.968046049,1
84,2.473296919,3.731827765,2.323505431,-3.168690928,-0.550575063,-2.227668779,3.689339192,0
85,3.176473356,5.142256736,6.08419301,-8.515040431,1.024408848,-4.031935209,-1.930606073,2
86,-3.923733052,-3.132566751,4.189235722,-3.976141088,0.937952168,3.816233016,2.817169703,1
87,-5.69264065,-4.321177058,6.861549523,-2.660448816,0.737483402,2.722413082,1.539208457,1
88,1.661600922,4.746233039,5.033220436,-7.41012472,0.278358113,-3.867827861,-2.054692755,2
89,4.250902811,4.394538977,3.885135327,-3.120803033,1.227752583,-4.4360828,4.549477092,0
90,4.132974612,3.463380464,3.817531211,-1.928653895,-0.850253463,-2.250947441,-6.61204456,2
91,-4.082819387,-5.965585369,5.011848255,-3.400835424,-0.499060141,2.035454838,3.348137499,1
92,-5.948819402,-3.996596144,5.050615693,-2.831703827,0.84862447,3.625967286,3.214448529,1
93,-4.572470692,-3.192575592,3.318340075,-4.069328661,0.567254779,5.488181006,5.15713431,1
94,4.424711439,4.195838567,4.417639559,-3.861650399,0.622651239,-3.249425919,3.436466583,0
95,-2.733136609,-4.413897689,4.16315857,-5.995128821,-0.31570132,4.805329391,4.61929564,1
96,-4.565944819,-4.826651572,3.103107094,-3.665142025,-0.731978336,1.303245804,3.40992328,1
97,4.556386165,4.925882338,3.907351059,-4.076130201,0.568141681,-5.88363809,5.312588351,0
98,-3.55215978,-3.777769641,2.849948934,-4.350316429,-0.340070921,4.3611515,4.757144041,1
99,-7.051175341,-4.269257171,3.085515646,-3.433354607,1.224808661,3.17879725,5.285078511,1
100,-4.390403125,-5.411812822,6.682638158,-1.35741341,-0.233131989,2.569954034,1.85610853,1
101,-5.836113653,-4.031719667,6.434808728,-0.99471638,0.878934196,6.042800754,4.107166262,1
102,2.698986695,3.155848727,3.521991682,-5.947073483,-0.245499165,-5.845645083,4.386137181,0
103,2.920152072,3.468496293,4.707432911,-3.112062923,0.091612373,-2.995381553,3.39025307,0
104,2.758947321,3.835732964,3.110486254,-5.029482815,-0.464804623,-5.914305402,4.404023336,0
105,-3.588189123,-3.929615586,1.724787062,-6.701936384,0.665241164,3.591904321,5.403863311,1
106,-1.417438771,-3.676207894,2.234257379,-5.375167811,0.8827573,4.765026915,4.614968383,1
107,3.293985506,3.782155127,3.686532917,-4.372018373,-0.307916948,-3.683449135,-4.50454584,2
108,1.216148547,4.602842781,1.056098483,-3.587166791,0.297140629,-2.558341136,-2.975151427,2
109,5.966800672,5.225851511,5.70940185,-6.422567363,-0.244047951,-5.733795303,4.652238731,0
110,1.829279068,5.890564717,6.053084396,-4.537669398,-0.936993827,0.509452191,-4.531934531,2
111,3.687332799,2.34883775,3.226482142,-3.080895048,-0.47317978,-6.925627257,3.856900483,0
112,4.502702274,2.910212114,5.145401314,-4.130777403,-1.083723568,-4.61725539,-5.533452318,2
113,-2.622803131,-3.160687605,6.358128836,-4.038556121,1.045808786,3.553779195,0.610214527,1
114,4.716142941,4.93627507,1.180320413,-0.250463138,-2.217768661,1.942245369,3.89293162,0
115,5.124229398,3.746096184,2.947413144,-5.088318408,-1.00624935,-4.913943568,4.275399233,0
116,-7.223039123,-5.429748238,4.631609252,-0.510396481,-0.019567233,2.135776247,3.965422906,1
117,6.520087578,5.907456491,0.857985944,-1.356911174,0.784895256,-2.828460567,6.116509383,0
118,5.274178503,5.50633594,2.484384753,-3.889542745,1.246076075,-3.818407061,5.457243431,0
119,5.305682871,4.079618506,-0.448561011,-0.449872769,0.009710771,-2.362527057,4.859601781,0
120,8.040566806,5.469477237,4.823178548,-4.225799056,0.664511401,-3.52206822,4.457592846,0
121,3.382035229,5.793075326,4.209789283,-4.302109174,0.56935537,-2.171760691,-2.594250657,2
122,2.823025898,5.110671924,6.55896455,-5.509945807,0.512523135,-1.315271908,-4.615796769,2
123,3.831299445,3.233055485,1.994032125,-2.363271321,-0.310465692,-4.596914657,-4.309153043,2
124,-4.435711452,-3.239980121,3.646789173,-4.170727621,-1.255835456,4.635287773,4.381908077,1
125,-4.437107936,-6.167536601,6.915920979,-2.094021616,0.003438458,1.98907271,2.054734394,1
126,5.322396858,5.139214632,4.313373605,-3.889713972,2.124242331,-2.566171164,4.282835244,0
127,-7.548276101,-4.815331731,7.326311955,1.89139108,-3.63432524,3.11151596,2.020184231,1
128,-6.148675647,-2.372802363,5.059846344,-2.525625946,-0.565806893,3.375517703,1.885586171,1
129,-5.137650153,-2.494075606,3.713324905,-4.549774183,-1.45909832,6.487368985,4.979958746,1
130,4.671910593,2.908647898,6.788041634,-5.917394545,1.632226847,-6.659611134,3.110342048,0
131,1.678782789,3.419541669,4.43437847,-6.145397898,0.279075589,-7.011195197,4.022388329,0
132,-4.510907866,-6.097287112,3.639525068,-3.461165799,-0.022019333,2.037275181,4.515281502,1
133,3.979340538,4.348841555,3.627731513,-4.020272189,0.242362964,-5.520832777,5.000075241,0
134,-3.218488001,-5.411927858,2.883845631,-5.265138818,0.291856027,2.513095302,4.858397873,1
135,3.147702632,5.168702511,2.248742257,-3.311750648,0.750873595,-1.897260757,-3.755247705,2
136,-3.81214288,-5.29837797,4.064578195,-3.572443849,0.081667726,3.092842197,4.32541372,1
137,3.465782449,4.565828208,6.393405136,-4.509988396,-1.600443604,-3.561417031,-3.328190213,2
138,4.499946359,3.900744852,4.32512079,-3.473374157,-0.609618284,-4.167018975,3.938756048,0
139,2.783181475,2.783736615,3.908008337,-5.091557087,-0.332064449,-5.114263397,3.434639112,0
140,1.457559574,3.902358753,2.553518928,-2.43934836,0.054861317,-0.076716608,-7.244550667,2
141,1.802714384,2.022676148,7.213512609,-6.320977992,0.413354379,-4.259901569,1.920582961,0
142,1.618663202,5.521995988,1.059179613,-3.724124388,0.020894221,-1.993191597,-2.128949862,2
143,2.980142891,5.113228734,2.897125589,-3.618336808,0.148617598,-1.78806651,-3.834877597,2
144,8.043856959,6.461174266,4.151956338,-4.278786509,-0.414009851,-5.904285194,6.176562971,0
145,4.176822726,2.952373905,7.129301502,-5.953008138,-0.58240409,-5.633849357,-4.340210051,2
146,-5.712510323,-2.90510872,3.114793456,-3.728982705,-0.163401331,5.100725604,5.233283272,1
147,-1.769602581,-4.6807033,1.466039878,-7.488597525,-0.108357634,2.605047862,5.068427957,1
148,5.672360233,5.060037978,3.564236185,-4.640988653,0.425162119,-7.700582627,5.925542692,0
149,-0.077016525,5.3997375,4.196043959,-5.424489287,0.292876545,-1.219966956,-2.621265383,2
150,4.235809079,3.887850686,5.221279201,-4.137045205,-1.473648083,-3.626435054,-4.827965253,2
151,3.935614263,4.366619766,3.494864198,-4.532223882,-1.66394133,-3.866374955,4.207130191,0
152,5.254644233,3.541041851,4.901379088,-6.154700675,0.457039816,-6.783104109,-2.586654654,2
153,4.254949901,3.807140779,2.355510935,-2.397091875,0.48116119,-4.124559441,-4.289081831,2
154,6.372472486,4.360175599,4.260740669,-2.945324927,-0.919904873,-2.963676373,4.012327449,0
155,4.554351024,3.789964339,5.275843414,-6.004896045,0.514218138,-5.661880572,-3.142626962,2
156,4.142582469,4.187885928,5.118158496,-5.667857894,-2.307558286,-5.052600301,3.949658497,0
157,-5.525900956,-2.389749697,1.479938338,-3.472041564,-1.686454674,4.158426234,5.251480922,1
158,4.493275351,3.168634682,3.885994593,-2.96766524,-1.235155432,-4.311345144,-5.550122651,2
159,-5.664662507,-6.771615309,6.54843414,-2.105451593,1.660307289,1.116463178,2.468299394,1
160,6.759901878,5.690679341,3.777028288,-3.291969119,0.647302039,-3.606577767,5.267583693,0
161,4.258779152,3.861091987,2.953432319,-2.635148963,0.777268043,-1.664813156,3.891430911,0
162,3.427946156,4.247985851,3.192961809,-2.695111245,-1.705701621,-2.372470448,-4.720430021,2
163,3.533011525,4.293429636,4.485449127,-3.282150915,-0.874428662,-2.663345064,-4.552300939,2
164,-0.954433857,-3.465319477,1.949466456,-6.438190015,1.754786721,5.701196552,5.52633775,1
165,-2.768647559,-2.514564456,2.770134455,-6.620668266,0.267984037,5.740561157,4.556229487,1
166,1.504976742,3.211145062,3.598228694,-4.875742341,0.989968173,-3.765878356,3.769704979,0
167,5.36179253,5.549077926,4.901436434,-4.548412606,-2.183759366,-4.862451946,5.362849286,0
168,4.257158915,3.646561209,4.654743422,-2.513216563,-0.429645746,-1.371763702,2.93408599,0
169,-7.480455578,-0.941392506,4.015109872,-1.336276457,0.97714213,5.358630816,3.215930756,1
170,2.842073439,5.041372524,2.70722208,-3.339898501,-0.64962052,-2.949504305,-2.513762283,2
171,4.131399293,3.419224749,3.915019868,-2.319588703,0.480523472,-3.13903247,3.333663191,0
172,-5.201042499,-4.433446078,4.506844037,-2.362999073,-0.270772571,2.728234593,3.127421276,1
173,5.279786343,3.743659543,5.785129318,-3.049639769,-0.351415373,-3.674490054,-5.496002161,2
174,4.63230863,3.972289492,2.45163454,-2.347949081,-1.238196477,-2.98740953,-5.347884501,2
175,-2.305816967,-4.785897892,3.883599272,-5.858781487,-0.815868657,2.733432649,3.16936706,1
176,-3.072153466,-1.599078943,4.794825083,-4.811465548,-0.087352642,6.642023036,2.827622965,1
177,3.933304148,3.535859145,3.390174444,-4.116125547,0.855111185,-1.734523332,3.258382755,0
178,4.325995761,2.794259795,4.099099075,-5.245448104,1.544811706,-5.547220166,-4.664333998,2
179,5.88783199,2.522766716,4.250865359,-4.205805807,1.462686811,-5.819309485,-5.635421008,2
180,6.204988687,4.421968661,3.143211565,-4.932618306,-0.232163491,-5.680939221,4.770006231,0
181,-2.831312843,-5.422138607,5.211737918,-4.458001575,-1.612538578,4.807589759,4.814372488,1
182,-3.6701524,-3.443667201,1.91059985,-5.437057849,1.803713536,3.495958845,4.873216357,1
183,-2.030579213,-3.166316067,2.081817032,-6.691984224,-1.379299171,3.948460957,4.258898763,1
184,2.989501911,3.391575446,4.204017648,-3.475038763,0.210118723,-4.337134167,3.590034207,0
185,7.250841914,4.955208791,6.818420654,-6.002248564,0.455093798,-5.545922583,4.007449203,0
186,4.050761326,3.261218422,3.729563641,-2.92507599,1.092321237,-3.523437983,3.423873455,0
187,3.488385665,4.76259312,3.238110089,-4.398014343,0.634223671,-4.021552274,-2.205661501,2
188,-4.079902265,-3.533679761,2.605211149,-5.575289925,-1.155157007,4.57559338,5.246307962,1
189,4.061161066,4.202081533,4.393928783,-3.04809043,0.602113155,-2.964712088,3.8102762,0
190,-8.054330275,-4.84603521,6.896728359,-0.249252564,-0.868806414,2.729882283,2.575597974,1
191,-4.262702256,-5.633814122,4.894550338,-1.493694252,0.221801829,4.128997805,4.799667336,1
192,0.92433262,5.384009738,3.217891679,-4.839648658,0.541287003,-0.936769075,-3.554764939,2
193,4.845503314,4.259710986,3.365004181,-5.035364315,-1.46106016,-4.922383713,4.368249244,0
194,2.982918463,2.746158625,4.163486384,-4.520463381,-0.109897669,-5.977603955,3.835871569,0
195,4.787710936,3.829347964,6.804665815,-5.701259825,-1.177571398,-6.666336903,4.04311866,0
196,-0.981300493,-6.24107581,3.749573417,-6.786183126,-0.412429322,3.846423403,5.338779345,1
197,-2.585496301,-3.972058976,3.371865848,-5.612893739,0.925093104,5.914769517,5.463621375,1
198,0.143622611,2.910551472,4.046519601,-4.706611709,-1.417341143,-2.08438781,2.764645964,0
199,6.464943114,4.993208871,3.404343238,-5.086253906,1.650497141,-6.932665006,5.911176915,0
200,-8.800323076,-1.985296475,4.448946332,-2.185947545,0.829668554,7.123431601,5.925338296,1
201,6.104083808,1.992187711,3.352411209,-2.953073589,-0.741485509,-7.192023521,-4.902253762,2
202,4.953201362,5.706306012,-1.996557252,-0.073987293,0.147564698,-0.429808285,5.900093781,0
203,-3.803120994,-3.858407956,4.440841797,-4.682757592,-0.27132203,6.120145306,5.364672141,1
204,8.044290032,2.315645125,6.387331174,-5.566219813,-0.855598091,-9.005989157,-3.768089322,2
205,-5.307096708,-5.229282436,4.355139783,-3.552439724,-1.289921377,2.858213817,4.337385759,1
206,5.078300501,4.643213182,6.929098254,-5.275276429,-0.743553192,-7.327444607,4.533143085,0
207,3.016756772,3.599532235,5.033975827,-4.871913933,-0.567930955,-4.293573327,3.388970049,0
208,5.449604144,4.692997067,4.641325437,-4.656413448,0.469225516,-5.096191083,4.84524435,0
209,6.205019265,3.276928011,2.175148436,0.725248583,0.163801183,-3.522611163,-6.353740348,2
210,-4.552305859,-4.198068595,5.513027044,-2.76082763,2.476788096,3.853536427,2.888698932,1
211,5.522859588,3.863550611,3.467835307,-3.330674887,0.601776918,-6.496689588,-2.099121185,2
212,3.476280501,4.402379366,4.696564657,-5.706019632,0.62036896,-3.990271439,-3.151115206,1
213,6.547623532,4.179703908,4.663694264,-3.346983839,-0.821697087,-5.162447274,4.290827744,0
214,-6.316951151,-4.251679392,5.278019911,-1.971743748,0.079667765,3.849806837,3.705277524,1
215,3.825932609,4.071379634,5.199039581,-3.422981566,-0.075828165,-1.800267266,-6.267138406,2
216,-2.649354762,-4.552310393,3.54672646,-4.271142343,0.597307425,4.304859413,4.426224249,1
217,-3.050429592,-5.961374911,4.350222185,-3.600831058,-1.34380335,1.880715454,3.426504123,1
218,-0.523206086,2.088210541,5.400929999,-5.684912947,-0.064726057,-3.255317861,2.005055989,0
219,1.827582118,4.129694855,1.217104732,-3.172984915,0.408439257,-3.397765348,-3.060389726,2
220,1.491923397,5.063616884,4.092218846,-5.298512549,-0.195886194,-2.126715128,-3.066241933,2
221,4.734789021,3.861589814,6.364548368,-4.243476464,1.101242546,-3.464695646,-5.44350629,2
222,-4.958097085,-5.135328192,5.8728047,-2.105193119,-0.83414792,4.891824111,4.515039695,1
223,-2.452590097,-1.252367169,3.210708067,-3.516057971,-0.908923309,4.761547522,2.236279027,1
224,4.40412173,3.452878656,6.151709384,-5.576826829,0.239793893,-4.444367997,3.129471752,0
225,2.730945322,4.445753088,3.269087477,-2.508691115,-2.250734867,-1.485216643,-5.124793308,2
226,1.77684397,3.14094398,3.698072376,-5.458230186,0.675344376,-6.017331183,4.089961922,0
227,5.032418645,5.913519339,4.172954049,-2.545624235,-0.302312911,0.20742121,4.214465056,0
228,3.180391823,3.947985089,5.081062087,-3.534725542,0.814641876,-3.372406242,3.396309733,0
229,1.331332176,6.145827619,3.767182261,-5.053107501,0.361002342,-0.872350099,-2.492180295,2
230,5.56292171,3.777422777,4.880163814,-5.65485778,0.298670115,-6.40014938,4.159490249,0
231,2.684469888,5.659485634,5.903543065,-4.956497951,-0.458290774,-2.946930783,-1.781830698,2
232,5.371839609,4.495848699,2.905029797,-2.959825484,1.536187505,-3.073020121,4.958645091,0
233,6.253148761,2.265572013,2.813559339,-3.796989893,-0.232278854,-7.19359022,-4.717178192,2
234,5.311879909,3.253236638,6.22389334,-4.129231691,-0.798418841,-4.834150521,-5.143724892,2
235,1.262817193,6.322863301,5.552522828,-4.933719482,1.176640519,-1.411745112,-1.367405598,2
236,4.838585696,3.60794402,3.236192798,-4.73038379,0.027291029,-5.85864238,-2.966433796,2
237,3.540390634,4.484184588,2.674449078,-2.067005068,-0.5363764,-2.853694954,4.678822843,0
238,4.805505077,4.583324159,4.913955419,-4.471037779,0.415038136,-3.590281009,4.083398913,0
239,-5.119228095,-4.79988012,3.86917386,-4.330160008,-0.498601747,3.039096843,4.622137261,1
240,5.269876705,3.480266924,4.744656125,-4.687188245,-1.171031125,-6.566755277,4.306793674,0
241,4.379192186,4.277722381,4.982723362,-2.508573361,-0.21855562,-2.704739781,-4.857485051,2
242,2.656343268,3.932632587,3.493190304,-0.899963714,-0.784155462,-2.285885388,3.864857977,0
243,-4.428142579,-2.030379372,2.81881046,-4.349413645,0.528123081,4.967173034,3.975713406,1
244,-2.842142762,-3.491034348,3.556731203,-6.188969651,-0.892978868,4.74231932,4.283860112,1
245,2.771175298,4.003839675,3.377010217,-5.392229326,0.14812979,-3.676739047,3.955131702,0
246,7.49114668,7.04984512,1.526791297,-0.985035891,1.938498151,-1.239366878,6.214421273,0
247,-7.671878538,-1.824260622,4.468029378,-0.9679683,-2.324052429,6.352379073,4.525108771,1
248,-1.121036957,-3.224516324,1.8199903,-5.686799271,2.724250591,2.957959,3.213365341,1
249,-3.496693319,-3.096765784,4.991013927,-3.945924439,0.241999934,7.217281046,4.852188972,1
250,-3.761381942,-4.73015743,5.944894952,-2.626228775,-1.407994585,2.679915231,1.867476899,1
251,2.638417164,3.56061089,4.519212928,-3.808778477,-0.782382594,-3.140882637,-5.310264483,2
252,-4.557266582,-5.98381668,4.817318494,-3.751977455,0.707772711,2.541584591,3.990475517,1
253,-3.715739948,-4.843818546,4.379093279,-4.438842264,0.714533674,3.180304149,3.623284252,1
254,3.526835825,4.718539367,1.550779838,-3.21442858,2.013231279,-4.071337153,-2.005834413,2
255,2.162635625,4.463030494,6.724366705,-7.741717044,0.153258418,-3.697538395,-3.042852341,2
256,-4.805865104,-5.004540921,5.659817706,-2.573432108,-0.385953968,4.207505417,4.045187884,1
257,5.554684246,5.317430752,3.538607763,-2.437580244,0.331104006,-2.015569872,4.880854779,0
258,6.789121666,4.876860657,3.087764883,-4.240842145,-0.138530288,-4.298275468,4.795205475,0
259,4.136899177,4.225909615,5.410188761,-4.360697674,1.18112862,-3.129974791,-4.74198133,2
260,-2.858462637,-2.89511821,1.945085249,-7.571760499,-0.571042276,5.841796917,5.733197203,1
261,4.606757592,3.432552707,5.21750875,-6.239050153,0.297906943,-6.217336395,-2.894467298,2
262,4.29354443,3.339511737,2.735962264,-3.622209057,-0.855014296,-6.184613148,-2.753697637,2
263,3.820697986,4.749728317,3.37242053,-4.996160247,0.911486404,-4.575733534,-1.983400874,2
264,0.521095711,1.852773078,4.765097505,-5.303258964,-0.042015671,-6.494924335,2.863821015,0
265,5.320588632,2.621351737,6.529257466,-3.83902344,-0.330744033,-4.87081807,-6.227814202,2
266,3.888753455,4.398463982,2.948159586,-1.758902026,-1.270624656,-1.32040214,-5.908002994,2
267,4.305573723,3.581882813,2.556799488,-2.505627537,0.217930324,-4.082953145,-4.571442416,2
268,2.504269546,3.073924939,4.963436154,-4.324966838,-2.470338955,-4.340237891,3.277333749,0
269,2.560991514,3.293199489,2.556516598,-3.351356748,0.503121622,-5.354559535,4.033356718,0
270,-4.088560772,-4.381150745,4.398628411,-3.761114157,-0.086586209,5.494182342,4.849536362,1
271,5.945261771,4.783951906,4.265818015,-4.229772206,-0.002599232,-2.909007486,3.928988511,0
272,6.087961132,4.523643727,4.229220685,-3.396784981,-0.545074222,-3.518586985,4.088941555,0
273,-4.105389303,-4.966342354,4.71798334,-2.232490289,-0.161858885,3.380054563,3.476511111,1
274,8.104494786,7.136604448,2.213337272,-2.26996061,-0.170278373,-1.706912285,6.135772388,0
275,4.218792549,3.776432914,1.977251238,-3.304027072,-0.776786569,-3.93910709,4.299670867,0
276,3.831501348,3.456477292,4.552147722,-5.354417161,-0.361491648,-4.789075311,-4.251358131,2
277,5.082701661,3.608649877,5.749270525,-4.745290441,0.061570104,-5.714343383,-3.607345787,2
278,5.074335542,4.701224559,2.420257396,-4.866228631,1.245879469,-7.05954745,5.653942376,0
279,6.67009279,4.683088486,3.171422125,-4.129446315,-2.030821267,-5.867347556,4.95320121,0
280,-2.872890366,-4.974981174,4.310200648,-4.167714507,0.22260048,4.807639685,5.055155219,1
281,1.575883467,3.947135657,3.225264854,-3.659506202,-0.291928595,-4.746260524,4.382641559,0
282,-6.072447654,-4.219967547,1.787431516,-4.211623194,-0.879921166,2.122405689,5.066319551,1
283,4.120132237,4.653097846,5.919924762,-5.296561377,-1.409687936,-3.702907715,-3.449819024,2
284,-6.47483795,-2.657007491,2.880896267,-2.388934906,-1.252279786,4.347292698,4.735458664,1
285,-5.627488032,-5.203410708,6.328896892,-2.0821725,-0.027827967,1.768075767,1.821476248,1
286,6.466737359,3.562911845,3.820295217,-3.443024664,-0.114122276,-6.436237268,-3.241527886,2
287,2.487224969,5.159869964,6.348336656,-4.130597462,-0.271860487,0.353055643,-6.252411006,2
288,6.354578506,4.158029988,4.981664841,-3.352533954,0.307013144,-2.692780474,3.18983274,0
289,-2.816055963,-5.392505964,4.408098179,-5.162818002,-0.395623289,2.755634673,3.434989856,1
290,2.537271026,5.058675507,4.107867181,-5.092248546,0.213130939,-2.117311151,-3.588027219,2
291,-1.636071786,-4.702403098,3.980739481,-5.334953492,-0.361599189,3.704985189,3.73900763,1
292,6.642490757,4.762849851,3.189432021,-3.40144908,1.696968647,-5.851169896,5.557361126,0
293,-0.144746776,-3.115416741,1.785904032,-6.738720873,1.690566892,5.139431707,4.692979294,1
294,-5.573896913,-5.836382549,4.645594708,-2.024911568,-1.015286703,3.122716749,4.680449446,1
295,-4.442400198,-1.981332076,1.851653577,-4.126740221,-0.666487234,3.423515817,3.395905411,1
296,2.786681251,3.053130849,4.401369164,-4.864772157,-1.741686962,-5.438150101,-3.453738044,2
297,-2.070463145,-8.113347893,4.65471687,-7.057188799,-1.703541911,0.127737677,3.698647535,1
298,4.857045256,3.002460082,3.533346475,-3.242245382,0.50235586,-4.255630981,-5.880639026,2
299,6.000572627,3.918870721,4.939755057,-4.779938438,0.587028503,-6.118180418,4.188147823,0
300,-3.822086382,-3.331973617,3.815897548,-4.282811194,-0.812368678,3.78714105,3.239551917,1
301,2.766447209,4.341356393,3.489089509,-4.29030998,0.598689495,-2.567695689,-4.520563832,2
302,5.789523152,2.354549477,3.764623952,-2.263662161,-0.152644321,-5.511245927,-5.978101435,2
303,7.243138642,5.761135096,5.504877252,-5.718287821,-0.491088945,-2.370619709,4.164363627,0
304,3.427712082,3.534531546,0.467578305,-2.482251667,-0.576535307,-4.74337766,5.06030633,0
305,-5.844436766,-3.843425257,4.277759597,-2.043582741,0.525407507,5.066900971,5.114651643,1
306,-0.977612336,-3.079861303,1.462056564,-6.994028059,0.656432762,5.978063626,6.038865106,1
307,3.727467312,4.459291816,3.819715593,-2.868753351,-0.087170365,-2.550584471,-4.53229474,2
308,4.079683233,3.404424761,1.830418587,-1.09674001,0.68737641,-2.708019671,-6.249842467,2
309,-6.243426243,-1.91396922,1.498267985,-3.475939961,0.760933367,3.74311119,4.673621354,1
310,3.313799192,3.356590335,9.040996082,-7.423669152,0.165145914,-4.97946757,-4.29744388,2
311,-1.667542944,-3.110535194,4.958198281,-4.999381644,0.477209185,5.853689782,3.264556629,1
312,1.300707567,5.090506148,3.891666958,-5.303387932,-2.273736075,-2.636883382,-2.075681195,2
313,4.672310591,4.053508331,5.439679538,-4.007273958,1.204281489,-5.958666318,4.167241202,0
314,4.102895927,3.434731378,2.482943613,-3.253697218,0.8819382,-2.225605816,3.427818777,0
315,-4.541419173,0.385724752,-0.488090209,-4.828537368,-1.185237549,6.54788134,5.74913845,1
316,2.363500932,5.744009715,3.299823246,-3.955634877,0.096792697,-2.718085672,-1.473358119,2
317,3.774491447,4.835342479,4.931666716,-3.997559419,1.324948318,-3.357810629,-3.078665302,2
318,3.222218171,4.391440081,6.060018886,-5.9080158,-0.273392651,-2.174398213,-5.184878617,2
319,3.200006502,3.55703514,2.84826217,-3.806874614,-2.678322958,-5.060828011,4.067181295,0
320,3.084444769,3.838672559,3.849478518,-3.638388649,1.754055375,-4.120938515,3.884690067,0
321,-3.93158415,-2.201605151,1.662426521,-4.804883433,-0.791698153,5.030037744,4.721939486,1
322,3.172789803,3.4154827,5.364338245,-5.58487903,0.126965268,-5.251825682,3.722584228,0
323,2.275738324,3.855577952,4.173433877,-5.339617179,-0.861951446,-3.399994149,-4.346835604,2
324,-3.471775099,-3.022277181,0.878753522,-6.050789945,2.443116525,5.523277096,6.81296855,1
325,-4.627175899,-4.139878891,6.011052522,-3.489016486,0.953609737,5.293827074,3.738573279,1
326,2.320494333,3.562339468,4.578712727,-3.715590146,-0.795155395,-0.898675469,2.408121086,0
327,3.862551025,3.707450505,4.512456387,-2.739915251,0.341425493,-3.172830485,3.468996946,0
328,3.58472096,4.296113964,3.121494339,-3.067015584,-0.845968452,-2.30189217,-5.164105944,2
329,1.258132654,4.090565655,3.424807451,-4.99554965,-0.144286026,-2.207825225,-4.581623492,2
330,3.53899471,3.766547526,4.82397808,-3.516473571,1.118165752,-2.059111045,3.232032281,0
331,-4.860733249,-2.545519615,2.707299261,-5.252639261,0.186998305,5.429343233,5.3070479,1
332,4.112592537,3.924802937,1.889445536,-1.34022148,-0.380621324,-3.068413249,4.404426818,0
333,3.832369981,3.642528961,2.53237435,-1.893653722,1.427696166,-2.947825623,-5.456163525,2
334,2.160800127,3.189380056,2.042580492,-3.368258524,-0.89438069,-4.894376926,4.134437752,0
335,3.753323651,3.811491355,3.930347523,-3.189151505,-0.563036957,-3.673013081,3.92714817,0
336,4.325022995,3.16387612,4.545902085,-6.096610971,0.186272725,-6.104917214,-3.290521534,2
337,0.948806846,3.193227152,5.596904952,-3.853307283,-0.524749885,-3.405109609,2.821174102,0
338,-7.367690552,-7.132539164,5.583253509,-0.789549804,-0.066845392,-0.569780952,2.494802842,1
339,2.208346452,4.129874949,6.030165325,-8.517213652,0.715671448,-6.01703435,-1.07057051,2
340,-3.360579899,-3.087313132,2.551803128,-3.834881109,-0.039368645,5.93657616,5.65740846,1
341,-3.237913969,-5.380394866,3.358477491,-5.175500526,-0.223088072,3.574992583,5.294450151,1
342,2.221844437,3.273970969,4.992723843,-4.391227893,-1.99083421,-3.306843436,2.94264996,0
343,5.331233208,4.449031288,6.657140123,-6.082679988,0.563762199,-5.466489665,4.230889181,0
344,4.897014472,3.244760637,5.375184886,-2.327046276,0.251166271,-2.680125,-7.255462727,2
345,5.250845714,3.781612611,4.398430425,-1.799636106,0.685481695,-2.619853462,-6.338304203,2
346,0.814426024,5.295707624,4.597536414,-6.290559773,-0.746839524,-1.555705274,-2.852523161,2
347,4.015745989,4.556029998,4.714218637,-4.34355952,2.249410776,-2.568554248,-4.704062804,2
348,1.532313282,3.835177342,2.570522267,-2.281227014,-1.277024357,-2.594486039,3.948456492,0
349,-5.699361904,-3.414682764,3.371272075,-1.795022326,1.298934167,5.213357837,5.058014145,1
350,6.069988232,2.121459652,2.25466383,-0.721431767,-0.57507758,-5.478335481,-6.262452582,2
351,1.992539459,4.796020258,4.116668435,-3.804976096,-0.473802921,-2.056797033,-3.734156349,2
352,-1.741915205,-4.692252005,2.806770859,-4.872741501,0.689847217,2.868171687,3.945566719,1
353,4.293855775,3.083075849,3.853824255,-3.774456168,-0.107677264,-5.835272296,3.955031628,0
354,-3.581454722,-3.88770521,4.002301546,-3.920834735,0.38039097,4.797945422,4.535151922,1
355,-1.942459097,-7.66748569,8.013646167,-3.472083149,-0.222304248,2.133404247,2.069911079,1
356,4.004769013,3.709492165,1.569875833,-4.003526577,-0.584270169,-6.031140997,5.039373564,0
357,-4.631955729,-4.533115088,5.360625768,-4.573026427,-0.458438821,2.451272791,2.565816864,1
358,-4.706006876,-6.47848868,3.651747143,-4.91815518,-0.502019095,1.434509686,4.751837212,1
359,-4.896394053,-3.812943617,4.657681987,-4.232552803,-0.724202793,2.954213417,2.755684609,1
360,2.842837278,3.454759217,3.463640277,-3.501449405,1.03089222,-3.533678287,-4.915878926,2
361,5.595347034,3.79477265,5.27473863,-5.093928135,0.170920636,-5.507009459,-3.620605469,2
362,-3.620171246,-5.324607781,3.240318413,-3.966621985,0.556049323,4.890141894,6.493624805,1
363,-5.15735073,-1.094350865,1.85623514,-4.381117874,-1.182482018,5.885182473,4.899832376,1
364,3.424478281,3.813720803,2.697973671,-3.946445505,-1.262752398,-2.39336324,3.533221119,0
365,4.769032278,2.856714464,3.944866992,-1.860603223,2.853228684,-3.394299666,-6.845544261,2
366,-4.028401768,-4.83172774,1.945548367,-4.80196873,-0.81684343,2.53265785,5.239431791,1
367,3.376705472,4.560452856,5.035605155,-4.557418472,-0.236519782,-1.935852448,3.594514194,0
368,2.857040749,5.158424157,4.847753301,-4.244657023,-0.336754985,-2.528657457,-3.210888184,2
369,4.905848744,4.013007404,5.462602532,-2.846520072,-1.656677088,-2.134909706,3.044391742,0
370,4.389985241,3.819430776,4.747742792,-2.68232435,-1.89301302,-0.152264168,2.716109581,0
371,-4.913219823,-2.83444172,4.981307797,-3.563085728,0.676681961,5.845267926,3.869496123,1
372,-5.038819649,-2.163914054,4.72272327,-2.451442135,0.145936086,6.348132136,3.948460058,1
373,3.041859585,3.846615653,0.216756914,-0.84948543,-1.323507758,-3.177973975,4.701892251,0
374,-7.378652385,-4.371300639,5.584234969,-2.684231567,2.045744157,4.100373009,4.251476769,1
375,5.165911011,3.885871771,5.841987915,-3.43489119,-0.867870036,-3.271702376,3.285639731,0
376,-4.35904233,-6.552069084,6.058005003,-2.982012385,0.419227072,3.463693778,4.292177968,1
377,2.951508293,3.881668613,1.211888832,-4.423457181,-1.105954511,-5.459307671,5.087486721,0
378,-3.183625893,-5.628037891,7.61436804,-2.159117812,0.741486909,4.277039358,2.656383689,1
379,-4.805305477,-2.589477036,4.630261459,-4.332461677,1.356100693,6.55611737,4.487258704,1
380,2.315956267,4.208788027,4.025558541,-6.302705853,1.218361458,-4.272995941,-2.776396709,2
381,7.11945688,6.033285517,5.95970897,-6.599656583,0.469126268,-7.988607202,5.993666086,0
382,-4.833658059,-4.663152886,3.360267622,-4.057688672,0.19016269,2.14189787,3.84193028,1
383,-4.388689934,-2.774702686,1.769873727,-3.948131573,0.121797146,5.183108697,5.728998739,1
384,3.286895856,3.613453966,2.870523754,-4.555078185,0.214676124,-3.060271548,3.742593259,0
385,3.900626061,3.711910554,2.66774605,-2.222442295,-1.251423668,-2.986317266,3.878081775,0
386,4.303971142,2.664566292,4.258830162,-3.53455241,1.238795636,-4.648302867,-5.854154432,2
387,-7.294063741,-3.250770287,3.954094389,-1.341548512,0.356864169,2.494101073,3.040036159,1
388,5.460592068,4.308468694,2.46130305,-1.93183095,0.188616991,0.456959828,3.403999217,0
389,4.166504037,3.983214551,0.973426701,-1.611538045,-0.236516699,-2.951817432,-5.170582966,2
390,3.70021034,2.996853082,4.740476527,-2.944785146,-0.973608356,-4.082622265,-5.52266844,2
391,2.017478979,4.091721588,2.580003737,-3.397051617,-0.943591663,-4.191296425,4.534173228,0
392,3.36276572,5.704872104,0.878522886,-2.121965475,1.867927784,-1.418159497,-3.189540675,2
393,5.215071199,5.301479395,0.569734685,-2.122087689,-0.612647913,-2.091322642,5.381110543,0
394,6.319648937,5.392162454,4.356871678,-5.374084598,-0.12752218,-4.588532383,5.052305437,0
395,6.52293479,3.670703367,2.820663279,-1.217039884,0.852974619,-3.720623113,-5.922893755,2
396,-4.133582458,-4.316791772,3.365211009,-4.56738064,1.221847999,3.690468941,4.404732722,1
397,-5.84077477,-2.935821262,3.718640367,-3.537126464,1.333859552,2.880818862,2.901468185,1
398,5.790893985,2.939679528,2.558464238,-3.937063964,0.908552804,-7.289442305,-2.975864374,2
399,-3.481672037,-3.291178807,0.350202208,-6.954874297,0.862533182,4.262694323,6.375884504,1